<?xml version='1.0' encoding='UTF-8'?>
<?compositeMetadataRepository version='1.0.0'?>
<repository name='Liferay IDE repository' type='org.eclipse.equinox.internal.p2.metadata.repository.CompositeMetadataRepository' version='1.0.0'>
    <properties size='2'>
        <property name='p2.timestamp' value='1437631446446' />
        <property name='p2.compressed' value='true' />
    </properties>
    <children size='3'>
        <child location='tools/' />
        <child location='maven/' />
        <child location='mobile/' />
    </children>
</repository>
